SHA256,NOME,PACOTE,API_MIN,API,Permission::WAKE_LOCK,Permission::WRITE_EXTERNAL_STORAGE,Permission::ACCESS_NETWORK_STATE,Permission::WRITE_SETTINGS,Permission::INTERNET,Intent::AUDIO_BECOMING_NOISY,APICall::Landroid/content/Intent.toUri(),APICall::Landroid/view/View.setTag(),APICall::Landroid/util/Xml.newSerializer(),APICall::Landroid/content/pm/PackageManager.queryIntentServices(),APICall::Landroid/view/ViewStub.setLayoutResource(),APICall::Landroid/content/Context.createPackageContext(),APICall::Landroid/os/Handler.removeMessages(),APICall::Landroid/widget/Scroller.getCurrY(),APICall::Landroid/view/View.invalidate(),APICall::Landroid/os/IBinder.linkToDeath(),APICall::Landroid/view/View.getScrollX(),APICall::Landroid/net/Uri.writeToParcel(),APICall::Landroid/view/View.getScrollY(),APICall::Landroid/view/LayoutInflater.from(),APICall::Landroid/view/View$AccessibilityDelegate.sendAccessibilityEventUnchecked(),APICall::Landroid/os/Parcel.readFloat(),APICall::Landroid/os/SystemClock.uptimeMillis(),APICall::Landroid/content/Context.getApplicationInfo(),APICall::Landroid/view/MotionEvent.obtain(),APICall::Landroid/view/View.requestFocus(),APICall::Landroid/view/accessibility/AccessibilityNodeInfo.setPackageName(),APICall::Landroid/os/Parcel.writeDouble(),APICall::Landroid/view/VelocityTracker.recycle(),APICall::Landroid/widget/LinearLayout.requestFocus(),APICall::Landroid/view/ViewTreeObserver.removeGlobalOnLayoutListener(),APICall::Landroid/view/ViewGroup.isInEditMode(),APICall::Landroid/os/Bundle.getBoolean(),APICall::Landroid/view/View.isShown(),APICall::Landroid/widget/TextView.setTypeface(),APICall::Landroid/view/accessibility/AccessibilityNodeInfo.setLongClickable(),APICall::Landroid/widget/ImageView.setId(),APICall::Landroid/os/Binder.getCallingPid(),APICall::Landroid/widget/RelativeLayout.onAttachedToWindow(),APICall::Landroid/util/Base64OutputStream.write(),APICall::Landroid/util/Base64OutputStream.close(),APICall::Landroid/view/MenuItem.getGroupId(),APICall::Landroid/content/ContentValues.put(),APICall::Landroid/widget/TextView.setSingleLine(),APICall::Landroid/view/ViewGroup.setTranslationY(),APICall::Landroid/net/wifi/WifiManager$WifiLock.isHeld(),APICall::Landroid/net/wifi/WifiManager$WifiLock.release(),APICall::Landroid/view/Menu.add(),APICall::Landroid/os/Parcel.obtain(),APICall::Landroid/view/View$MeasureSpec.makeMeasureSpec(),APICall::Landroid/content/Intent.makeMainActivity(),APICall::Landroid/os/Parcel.writeInterfaceToken(),APICall::Landroid/view/Window.setUiOptions(),APICall::Landroid/view/ViewConfiguration.getScaledPagingTouchSlop(),APICall::Landroid/os/IBinder.transact(),APICall::Landroid/view/MenuItem.getIcon(),APICall::Landroid/os/Parcel.recycle(),APICall::Landroid/widget/AdapterView$OnItemClickListener.onItemClick(),APICall::Landroid/content/Intent.createChooser(),APICall::Landroid/view/ViewGroup.onInitializeAccessibilityEvent(),APICall::Landroid/content/Intent.hasExtra(),APICall::Landroid/text/Html.fromHtml(),APICall::Landroid/content/Intent.putExtra(),APICall::Landroid/content/Intent.setType(),APICall::Landroid/content/pm/PackageManager.getActivityIcon(),APICall::Landroid/view/accessibility/AccessibilityNodeInfo.setScrollable(),APICall::Landroid/content/pm/PackageManager.getApplicationInfo(),APICall::Landroid/content/SharedPreferences$Editor.putInt(),APICall::Landroid/content/Intent.getStringExtra(),APICall::Landroid/view/animation/Transformation.getAlpha(),APICall::Landroid/view/View.setOnTouchListener(),APICall::Landroid/view/MenuItem.getIntent(),APICall::Landroid/view/accessibility/AccessibilityNodeInfo.isLongClickable(),APICall::Landroid/view/MenuItem.setShortcut(),APICall::Landroid/view/SubMenu.setHeaderTitle(),APICall::Landroid/widget/ListAdapter.registerDataSetObserver(),APICall::Landroid/widget/ListAdapter.unregisterDataSetObserver(),APICall::Landroid/widget/PopupWindow.setBackgroundDrawable(),APICall::Landroid/widget/PopupWindow.setFocusable(),APICall::Landroid/widget/PopupWindow.setOnDismissListener(),APICall::Landroid/widget/PopupWindow.setWindowLayoutMode(),APICall::Landroid/widget/PopupWindow.setOutsideTouchable(),APICall::Landroid/widget/PopupWindow.setTouchInterceptor(),APICall::Landroid/widget/PopupWindow.showAsDropDown(),APICall::Landroid/view/accessibility/AccessibilityNodeInfo.getBoundsInScreen(),APICall::Landroid/net/http/HttpResponseCache.getInstalled(),APICall::Landroid/view/VelocityTracker.clear(),APICall::Landroid/util/Base64.encodeToString(),APICall::Landroid/content/Context.checkCallingOrSelfPermission(),APICall::Landroid/os/IBinder.queryLocalInterface(),APICall::Landroid/view/View.setVisibility(),APICall::Landroid/content/IntentFilter.addDataScheme(),APICall::Landroid/content/Intent.getData(),APICall::Landroid/os/Bundle.getParcelableArrayList(),APICall::Landroid/widget/ImageView.getLayoutParams()
080da3f89e42250d7462e17b40535cfca9b1a6a8370a31f5aa856159b844d8e5,2019 شاب دوزي‎,com.arabprod.aghani.douzi,10,26,1,1,1,1,1,1,1,1,1,1,1,1,1,1,1,1,1,1,1,1,1,1,1,1,1,1,1,1,1,1,1,1,1,1,1,1,1,1,1,1,1,1,1,1,1,1,1,1,1,1,1,1,1,1,1,1,1,1,1,1,1,1,1,1,1,1,1,1,1,1,1,1,1,1,1,1,1,1,1,1,1,1,1,1,1,1,1,1,1,1,1,1,1,1,1
461760796dd7789673cfaf68383da103033d54eb4a5267cf14a3d35f370878f5,Ishas,appinventor.ai_shameertanur.Ishas,7,28,0,0,1,0,1,0,0,1,1,1,0,1,1,1,1,0,1,0,1,1,1,1,1,1,1,1,1,1,1,0,1,1,1,1,1,1,0,1,0,0,0,1,1,1,0,0,0,1,1,1,1,1,0,1,1,1,1,1,1,1,1,1,1,1,1,1,1,1,1,0,1,1,1,1,0,1,1,1,1,1,0,1,1,1,1,0,1,1,0,1,1,0,1,1,1
dab8b14c3178b15200b23e47cecb9cc26b51c87d599ac061361c2d0f6bed1560,Lashes&Go,net.flowww.z.sk596381,16,26,1,1,1,0,1,0,1,1,1,1,0,1,1,1,1,1,1,1,1,1,1,1,1,1,1,1,1,1,1,0,1,1,1,1,1,1,0,1,0,0,0,1,1,1,0,0,0,1,1,1,1,1,1,1,1,1,1,1,1,1,1,1,1,1,1,1,1,1,1,0,1,1,1,1,0,1,1,1,1,1,0,1,1,1,1,0,1,1,1,1,1,1,1,1,1
db802025f9ec474d79793ac2aac556d2b52162ebc493e2e70ad50b8f315eaa3f,58到家,com.wuba.jiazheng,17,25,1,1,1,1,1,0,0,0,0,0,0,0,0,0,0,0,0,0,0,0,0,0,0,0,0,0,0,0,0,0,0,0,0,0,0,0,0,0,0,0,0,0,0,0,0,0,0,0,0,0,0,0,0,0,1,0,0,0,0,0,0,0,0,0,0,0,0,0,0,0,0,0,0,0,0,0,0,0,0,0,0,0,0,0,0,0,0,0,0,0,0,0,0,0,0
a44920abdd4915117412ad7695b8d95a1da5edfa513b09dcfe5acf819fd3ea3b,TEDDY AFRO,million.t.com.teddy.afro.com,16,27,0,1,1,0,1,0,1,1,1,1,0,0,1,1,1,1,1,1,1,1,1,1,1,1,1,1,1,0,1,0,1,1,1,1,1,1,0,1,0,0,0,1,1,1,0,0,0,1,1,1,1,1,0,1,1,1,1,1,1,1,1,1,1,1,1,1,1,1,1,0,1,0,1,1,0,1,1,1,1,1,0,1,1,1,1,0,1,1,1,1,1,0,1,1,1
cdc6026afb1d6dafa14701a25bfa4762e7d5a56c19206591758264fa98fe2979,Color VPN,com.color.vpn,21,29,1,1,1,0,1,0,0,1,1,0,0,1,1,1,1,1,1,1,1,1,1,1,1,1,1,1,1,1,1,0,1,1,1,1,1,1,1,1,1,1,1,1,1,1,0,0,0,1,1,1,1,1,0,1,1,1,1,1,1,1,1,0,1,1,0,1,1,1,1,0,1,1,1,1,0,1,1,1,1,1,0,1,1,1,1,0,1,1,1,1,1,1,1,0,1
20dff15861dc475b98b440af9f08336395ba344950dd5429e8b967f7649b215f,Hola,com.jiaoyou.overseas,21,29,1,1,1,1,1,0,0,0,0,0,0,0,0,0,0,0,0,0,0,0,0,0,1,1,1,0,0,0,0,0,0,0,0,0,0,0,0,0,0,0,0,0,0,0,0,0,0,1,0,0,0,0,0,0,0,0,0,0,0,0,0,0,1,1,0,0,0,0,0,0,0,1,0,0,0,0,0,0,0,0,0,0,0,0,0,0,0,0,0,0,1,0,0,0,0
6b7362ffb710e02d71940eb81807559eb152cd9d5b00be6cd03b295abff469be,Kids Song Monkey Banana,com.monkey.banana.song3,15,23,1,0,1,0,1,0,1,1,1,1,0,1,1,1,1,1,1,1,1,1,1,1,1,1,1,1,0,1,1,0,1,1,1,1,1,0,1,1,1,1,1,1,1,1,0,1,1,1,1,1,1,1,0,1,1,1,1,0,1,1,1,1,1,1,0,1,1,1,1,0,1,0,1,0,0,1,1,1,1,1,0,1,1,1,1,0,1,1,1,1,1,1,1,1,1
b582114b02fb651364737cc8be1aa5a3907791b00de9c7adb01b659d3dcd6db0,AppLock,com.flashclean.applock,16,21,0,1,1,0,1,0,0,1,1,1,0,1,1,1,1,1,1,1,1,1,1,1,1,1,1,1,1,1,1,0,1,1,1,1,1,1,1,1,1,1,1,1,1,1,0,0,0,1,1,1,1,1,0,1,1,1,1,1,1,1,1,1,1,1,1,1,1,1,1,0,1,0,1,0,0,1,1,1,1,1,0,1,1,1,1,0,1,1,1,1,1,1,1,1,1
39e1cb1a2c895d386bb1feed0a95e182b8837bac4a0f3abb48dd43ad28279b69,Gaya Hidup Rosulalloh,com.ms165.gayahiduprosulalloh,21,29,0,0,1,0,1,0,1,1,0,1,0,1,1,1,1,0,1,1,1,1,1,1,1,1,1,1,1,1,1,0,1,1,1,1,0,1,0,0,0,1,1,0,1,1,0,0,0,0,1,1,1,1,0,1,1,0,1,0,1,0,1,1,1,1,1,1,1,1,1,0,0,0,1,0,0,1,0,0,0,0,0,0,0,0,1,0,1,1,1,1,1,1,1,1,0
20a4233ff6bbc3d9625c3e0f2575348eba1e43b0ac044464e1c9a382da13c989,Bikekin,de.chkal.bikekin,9,19,0,1,1,0,1,0,1,1,1,0,0,1,1,1,1,0,1,1,1,1,1,1,1,1,1,1,1,1,1,1,1,1,1,1,0,1,0,0,0,0,0,1,1,1,0,0,0,1,1,1,1,1,1,1,1,1,1,1,1,0,1,1,1,1,1,1,1,1,1,1,0,1,1,1,1,1,1,1,1,1,1,1,1,1,1,0,1,1,0,1,1,0,1,1,1
20dca277fda6bcd8d4525e9acf7b6dd8bd03afe864ad21f9385e0cda5c0f4d04,Kolkata News,io.kodular.ralom4404.kolktanews,16,28,0,1,1,0,1,0,1,1,1,1,0,1,1,1,1,1,1,1,1,1,1,1,1,1,1,1,1,1,1,0,1,1,1,1,1,1,0,1,1,0,1,1,1,1,0,0,0,1,1,1,1,1,0,1,1,1,1,1,1,1,1,1,1,1,1,1,1,1,1,0,1,0,1,1,0,1,1,1,1,1,0,1,1,1,1,0,1,1,1,1,1,1,1,1,1
080f5c3640b9b8b38ecae5822fd2bf81fa10ab751891c93f72c0c2eb847c4ba1,CA Study,com.app.cacolleague,21,28,1,1,1,1,1,0,1,1,1,1,1,1,1,1,1,1,1,1,1,1,1,1,1,1,1,1,1,1,1,0,1,1,1,1,1,1,1,1,1,1,1,1,1,1,0,1,1,1,1,1,1,1,0,1,1,1,1,1,1,1,1,1,1,1,1,1,1,1,1,0,1,1,1,1,0,1,1,1,1,1,0,1,1,1,1,1,1,1,1,1,1,1,1,1,1
6b6eb6829cc461589933b6e644b8bbd79c0e3c22677a83a35819156132f334bf,BOC,com.boc.bocsoft.bocmbovsa.buss,21,28,0,1,1,1,1,0,0,0,0,0,0,0,0,0,0,0,0,0,0,1,0,0,0,0,0,0,0,0,0,0,0,0,0,0,0,0,0,0,0,0,0,0,0,0,0,0,0,0,0,0,0,0,0,0,0,0,0,0,0,0,0,0,0,0,0,0,1,0,0,0,0,0,0,0,0,0,0,0,0,0,0,0,0,0,0,0,0,0,0,0,0,0,0,0,0
90785628fe9af422055a37f75e573220ae3685d2d550d17e072a904d57e17117,Mountain Sniper : Battlefront,com.mountain.sniper.battlefront.dirk,9,25,0,1,1,0,1,0,0,1,0,1,0,1,1,1,1,1,1,1,1,0,1,1,1,1,1,1,1,1,1,0,1,1,1,1,1,1,1,1,1,1,1,0,1,1,0,0,0,0,1,1,1,1,0,1,1,0,1,0,1,0,1,1,1,1,1,1,1,1,1,0,1,0,1,0,0,0,0,0,0,0,0,1,0,1,1,0,1,1,1,1,1,1,1,1,0
39decb9134d35926b52453bbf419a2545596bed0d1cd58afe1691e6c05a59b9b,Shelf,shelf.mobile.android,15,26,1,1,1,0,1,0,0,1,1,1,0,0,1,1,1,1,1,0,1,1,1,1,1,1,1,1,1,0,1,0,1,1,1,1,1,1,0,0,0,0,0,1,0,1,0,0,0,1,1,1,1,1,0,1,1,1,1,1,1,1,1,1,1,1,1,1,1,1,1,0,0,0,1,0,0,1,1,1,1,1,1,1,1,1,1,1,1,0,1,1,1,0,1,1,1
000566e760a5e73feb41bf196361baece536db53702bbfdab1b20730e9ba46ae,Drive 4x4 Luxury Snow SUV,com.litestudios.drive.snow.offroad.prado.jeep.simulator.apps,9,23,0,1,1,0,1,0,1,1,0,1,0,1,1,1,1,1,1,1,1,1,1,1,1,1,1,1,1,1,1,0,1,1,1,1,1,1,1,1,1,1,1,0,1,1,0,0,0,0,1,1,1,1,0,1,1,0,1,0,1,0,1,1,1,1,1,1,1,1,1,0,1,0,1,0,0,0,0,0,0,0,0,1,0,1,1,0,1,1,1,1,1,0,1,1,1
6d7bea97c0b0654af6a39c025c9f1b7a464d27dd1976d37f270a585cc11f911f,YouTube SEO,com.thunkable.android.smartcoralwork.Dream_App_SEO,14,22,0,0,1,0,1,0,0,1,0,1,0,1,1,1,1,1,1,1,1,1,1,1,1,1,1,1,1,1,1,0,0,1,1,0,1,1,0,1,0,0,0,0,1,1,0,0,0,1,1,1,1,1,0,1,1,0,1,0,1,0,1,1,1,1,1,1,1,1,1,0,1,0,1,0,0,0,0,0,0,0,0,0,0,1,1,0,1,1,1,1,1,1,1,1,0
461da7ee398e95abbd683cd76e9a42b4dd4c056e4dde6bb968a063cd422f4139,memahami cahaya untuk portrait lebih baik charity california to donate car,com.memahamicahayauntukportraitlebihbaikcharitycaliforniatodonatecar,15,26,0,0,1,0,1,0,1,1,1,1,0,1,1,1,1,1,1,1,1,1,1,1,1,1,1,1,0,1,1,0,1,1,1,1,1,0,0,1,0,1,1,1,1,1,0,0,0,1,1,1,1,1,0,0,1,1,1,1,1,1,1,0,1,1,0,1,1,1,1,0,0,0,1,0,0,1,1,1,1,1,0,1,1,1,1,0,1,1,1,1,1,1,1,0,1
db8698ad0b0d8eb3e6921cc1608f7350806d9697b6abbd92e694c1ef1e56841b,Ponto Comercial,com.app.pontocomercial,19,26,1,1,1,1,1,0,1,1,1,1,1,1,1,1,1,1,1,1,1,1,1,1,1,1,1,1,1,1,1,0,1,1,1,1,1,1,1,1,1,1,1,1,1,1,0,0,0,1,1,1,1,1,0,1,1,1,1,1,1,1,1,1,1,1,1,1,1,1,1,0,1,1,1,1,0,1,1,1,1,1,0,1,1,1,1,1,1,1,1,1,1,1,1,1,1
db812a88067836dab8917869b11662be77da6a8a16a05756365cc8479a3b15f8,Polarr,photo.editor.polarr,23,26,0,1,1,0,1,0,0,0,0,0,0,0,0,0,0,0,0,0,0,0,0,0,0,1,0,0,0,0,0,0,0,0,0,0,0,0,0,0,0,0,0,0,1,0,0,0,0,0,1,0,0,0,0,0,0,0,1,0,0,0,0,0,0,0,0,0,1,0,0,0,0,0,0,0,0,0,0,0,0,0,0,0,0,0,0,0,0,1,0,0,0,0,0,0,0
39e153bfb9629ab9b42e06fc13ee2ab1a508f131a59a560cc1f827222ccec841,Find My Team,com.smart_apps1909.FindMyTeam,19,26,0,0,1,0,1,0,0,1,1,1,0,0,1,1,1,1,1,1,1,1,1,1,1,1,1,1,1,0,1,0,1,1,1,1,1,1,0,1,0,0,0,1,1,1,0,0,0,1,1,1,1,1,0,1,1,1,1,1,1,1,1,1,1,1,1,1,1,1,1,0,1,0,1,1,0,1,1,1,1,1,0,1,1,1,1,0,1,1,1,1,1,0,1,1,1
000234b3b17aa773825c5cc4512702add18509bdebb039f36aa6f5d0ee7a78b6,微住物业版,org.welive,16,25,1,1,1,1,1,0,0,0,0,0,0,0,0,0,0,0,0,0,0,0,0,0,0,0,0,0,0,0,0,0,0,0,0,0,0,0,0,0,0,0,0,0,0,0,0,0,0,0,0,0,0,0,0,0,0,0,0,0,0,0,0,0,0,0,0,0,0,0,0,0,0,0,0,0,0,0,0,0,0,0,0,0,0,0,0,0,0,0,0,0,0,0,0,0,0
28c519e93cba89f9015cbcb230d9788f18380aacaf5f6a1a31bbf3b5b8ead837,TOUCH,com.hasbro.playdohtouch,19,25,1,1,1,0,1,0,0,0,0,0,0,0,1,0,0,0,0,0,0,0,0,0,0,0,1,0,0,0,0,0,0,0,0,0,0,0,0,0,0,0,0,0,1,0,0,0,0,0,1,0,0,1,0,0,1,0,0,0,0,0,0,0,0,0,0,0,1,0,1,0,0,0,0,0,0,0,0,0,0,0,0,0,0,0,0,0,0,1,0,1,1,1,1,0,0
db8521f7d4953b0cfa53a065486c5519885ff0b61c0bcae084412def94e2cd7c,Grand Cleaner,com.grand.cleaner.henry.labs,17,28,1,1,1,1,1,0,1,1,1,1,0,1,1,1,1,1,1,1,1,1,1,1,1,1,1,1,1,1,1,0,1,1,1,1,1,1,1,1,1,1,1,1,1,1,0,0,0,1,1,1,1,1,0,1,1,1,1,1,1,1,1,1,1,1,1,1,1,1,1,0,1,1,1,1,0,1,1,1,1,1,0,1,1,1,1,0,1,1,1,1,1,1,1,1,1
36ae43ea94febb62d20a225b77b15b94e5f3567ed38e200593dedad62198daf0,Taximeter,ru.yandex.taximeter,21,27,1,1,1,0,1,0,1,1,1,1,1,1,1,1,1,1,1,1,1,1,1,1,1,1,1,1,1,1,1,0,1,1,1,1,1,1,0,1,1,0,0,1,1,1,1,0,0,1,1,1,1,1,0,1,1,1,1,1,1,1,1,1,1,1,1,1,1,1,1,0,1,1,1,1,0,1,1,1,1,1,0,1,1,1,1,1,1,1,1,1,1,1,1,1,1
20dc694c7d7c297838910a75ab9a2438ff89bf9ba70785cc99441afb57ed7669,Black History Museums,com.quikthinking.blackhistorymuseums,9,25,0,0,1,0,1,0,1,1,0,1,0,1,1,0,1,0,0,1,0,0,0,1,1,1,1,1,0,1,0,0,1,1,1,1,1,0,1,1,0,1,1,0,1,1,0,0,0,1,1,1,0,1,0,0,1,0,1,0,1,0,1,1,1,1,0,0,1,1,1,0,0,0,0,0,0,0,0,0,0,0,0,1,0,0,0,0,0,1,1,1,1,1,1,0,1
6b6e58221aedb8778c9956191fa1393ad9fad73b4cc1712a0cb59682dd1e0f20,Coláiste de hÍde,com.uniquepublishing.colaistedehide1,19,29,1,1,1,0,1,0,1,1,1,1,1,1,1,1,1,1,1,1,1,1,1,1,1,1,1,1,1,1,1,0,1,1,1,1,1,1,1,1,1,1,1,1,1,1,0,0,0,1,1,1,1,1,1,1,1,1,1,1,1,1,1,1,1,1,1,1,1,1,1,0,1,1,1,1,0,1,1,1,1,1,0,1,1,1,1,0,1,1,1,1,1,1,1,1,1
6d7ab788e4f772809db7d3b5ecc1122e4494e299d2e6f3cc9f420f1f8efff135,Pet Dex,com.monstrous.yacht.st,14,22,1,1,1,1,1,0,0,0,0,0,0,0,0,0,0,0,0,0,0,1,0,0,0,0,0,0,0,0,0,0,0,0,0,0,0,0,0,0,0,0,0,0,0,0,0,0,0,0,0,0,0,0,0,0,0,0,0,0,0,0,0,0,0,0,0,0,0,0,0,0,0,0,0,0,0,0,0,0,0,0,0,0,0,0,0,0,0,0,0,0,0,0,0,0,0
a44ca45464cc7ec9c4e903cb64ac28cdce9ea0626a68966fac5b2e1de05efb2d,Take Photos With Wonwoo ( Seventeen ),com.latestcelebrity.takephotoswithwonwooseventeen,16,29,1,1,1,0,1,0,0,1,1,1,0,1,1,1,1,1,1,1,1,1,1,1,1,1,1,1,1,1,1,0,1,1,1,1,1,1,1,1,1,1,1,1,1,1,0,0,0,1,1,1,1,1,0,1,1,1,1,1,1,1,1,1,1,1,1,1,1,1,1,0,1,1,1,1,0,1,1,1,1,1,0,1,1,1,1,1,1,1,1,1,1,0,1,1,1
20a2d16e86fca6b689406f3be37e00c63edd1e9afc27464b2ad36b509ee50ac5,وظائف المملكة العربية السعودية Saudi Arabia Jobs,com.saudiarabia.jobs,14,21,1,1,1,0,1,0,1,1,1,1,1,1,1,1,1,1,1,1,1,1,1,1,1,1,1,1,1,1,1,0,1,1,1,1,1,1,1,1,1,1,1,1,1,1,0,0,0,1,1,1,1,1,0,1,1,1,1,1,1,1,1,1,1,1,1,1,1,1,1,0,1,0,1,0,0,1,1,1,1,1,1,1,1,1,1,1,1,1,1,1,1,1,1,1,1
462105862be13d9e975a5719cc27ce6ee00a9733ef5c14ac5c29a5dd9842b2cf,ShareRide,appinventor.ai_prasannams.TravelPool,7,28,0,0,1,0,1,0,0,1,1,1,0,1,1,1,1,0,1,0,1,1,1,1,1,1,1,1,1,1,1,0,1,1,1,1,1,1,0,1,0,0,0,1,1,1,0,0,0,1,1,1,1,1,0,1,1,1,1,1,1,1,1,1,1,1,1,1,1,1,1,0,1,1,1,1,0,1,1,1,1,1,0,1,1,1,1,0,1,1,0,1,1,0,1,1,1
080ecdaa5dd7d7d1fa3954d3fd426138c635d893c897e29b1b01757696604699,Kode Keras Si Boy,digitalart.co.id.kodekerasboy,16,28,0,0,1,0,1,0,0,1,1,1,0,1,1,1,1,1,1,1,1,1,1,1,1,1,1,1,1,1,1,0,1,1,1,1,1,1,1,1,1,1,1,1,0,1,0,0,0,1,1,1,1,1,0,1,1,1,1,1,1,1,1,1,1,1,1,1,1,1,1,0,1,0,1,0,0,1,1,1,1,1,0,1,1,1,1,0,1,1,1,1,1,0,1,1,1
080e7c355fb97ee78b52dbe65f04d47accd306696c79829c72efc02acbc35deb,嗖嗖买车,cn.com.topka.autoexpert,19,26,1,1,1,1,1,0,0,0,0,0,0,0,0,0,0,0,0,0,0,0,0,0,0,1,0,0,0,0,0,0,0,0,0,0,0,0,0,0,0,0,0,0,1,0,0,0,0,0,1,0,0,0,0,0,0,0,1,0,0,0,0,0,0,0,0,0,1,0,0,0,0,0,0,0,0,0,0,0,0,0,0,0,0,0,0,0,0,1,0,0,0,0,0,0,0
080e6238ed5ca64f45e3010571636585db0204bfbfe152fe69fbd8f2c87e72e4,hoststar,com.angleshots.naturefreeguide,21,29,1,0,1,0,1,0,0,1,0,1,0,1,1,1,1,0,1,1,1,1,1,1,1,1,1,1,0,1,1,0,1,1,1,1,1,0,1,0,1,1,1,1,1,1,0,0,0,1,1,1,1,1,0,1,1,1,1,0,1,1,1,0,1,1,0,1,1,1,1,0,1,1,1,1,1,1,1,1,1,1,0,1,1,1,1,0,1,1,1,1,1,0,1,0,1
dab7b16a8536e63e2c625842efd3fbb255cf73e802b35131268114297ef43a63,StmDfuUsb,com.yatrim.stmdfuusb,14,29,0,1,0,0,0,0,0,0,0,1,0,0,0,0,0,0,0,0,0,0,0,0,0,0,0,1,0,0,0,0,0,0,0,0,0,0,0,0,0,0,0,0,0,0,0,0,0,0,1,0,0,1,0,0,1,0,1,0,0,0,1,0,1,0,0,0,0,1,1,0,0,0,0,0,0,0,0,0,0,0,0,0,0,0,0,0,0,0,0,1,1,0,0,0,0
20dbb5a3e14eb00ce6216ed378f30b711c0db3604f7ba280fd0a6f295053840d,Fit'forme,com.cclub.fitforme,21,23,1,1,1,0,1,0,1,1,1,1,0,1,1,1,1,1,1,1,1,1,1,1,1,1,1,1,1,1,1,0,1,1,1,1,1,1,0,1,0,0,0,1,1,1,0,0,0,1,1,1,1,1,0,1,1,1,1,1,1,1,1,1,1,1,1,1,1,1,1,0,0,0,1,0,0,1,1,1,1,1,0,1,1,1,1,0,1,1,1,1,1,1,1,1,1
52907598097646bda93f205be54a01b95e10b28e02034327e7843af4d0e4a76c,Kavi Escape Game 530 Find Wolf Game,air.com.kavigames.KaviEscapeGame530FindWolfGame,9,28,1,0,1,0,1,0,1,1,1,1,0,1,1,1,1,1,1,1,1,1,1,1,1,1,1,1,1,1,1,0,1,1,1,1,1,1,1,1,1,1,1,1,1,1,0,0,0,1,1,1,1,1,0,1,1,1,1,1,1,1,1,1,1,1,1,1,1,1,1,0,1,0,1,0,0,1,1,1,1,1,0,1,1,1,1,0,1,1,1,1,1,1,1,1,1
db8975a2319311223746cadc1414a71114420717cba90b99198d12c0f0cfc100,WINNER Matcing Game,com.fandr.WINNER.KPop.Matching.Game,14,22,0,1,1,0,1,0,1,1,1,1,0,1,1,1,1,1,1,1,1,1,1,1,1,1,1,1,1,1,1,0,1,1,1,1,1,1,1,0,0,0,0,1,1,1,0,0,0,1,1,1,1,1,0,1,1,1,1,1,1,1,1,1,1,1,1,1,1,1,1,0,1,0,1,0,0,1,1,1,1,1,1,1,1,1,1,0,1,1,1,1,1,1,1,1,1
a44c002098d3214a55366257de977f439c22c75c15fa0757a647919cce7c4b32,免费全本小说书城,cc.kdqbxs.reader,14,28,1,1,1,1,1,0,0,0,0,0,0,0,0,0,0,0,0,0,0,0,0,0,0,0,0,0,0,0,0,0,0,0,0,0,0,0,0,0,0,0,0,0,0,0,0,0,0,0,0,0,0,0,0,0,0,0,0,0,0,0,0,0,0,0,0,0,1,0,0,0,0,0,0,0,0,0,0,0,0,0,0,0,0,0,0,0,0,0,0,0,0,0,0,0,0
6d7efef69b9bdf05063261838d7310238631545b7b798ffafb5aa03b2e98ba55,The Best of Pantera Songs,thebestof.pantera.songs,10,22,0,0,1,0,1,0,1,0,0,1,0,1,1,0,0,0,0,0,0,0,0,1,1,1,1,0,0,1,0,0,1,1,1,1,1,0,1,1,0,1,1,0,1,0,0,0,0,0,1,1,0,1,0,0,1,0,1,0,1,0,1,0,1,1,0,0,1,1,1,0,0,0,0,0,0,0,0,0,0,0,0,1,0,0,0,0,0,1,1,1,0,0,1,0,0
39dc548dadcf4fbf5b549d69950a2fac22097a002d3880bcada687b1d692c310,Cyprus Flag,com.app4joy.cyprus_free,14,27,0,1,1,0,1,0,0,1,1,0,0,1,1,0,1,0,1,1,1,1,1,1,1,1,1,1,0,1,1,0,1,1,1,1,1,0,1,0,1,1,1,1,0,1,0,0,0,1,1,1,1,1,0,0,1,1,1,0,1,1,1,0,1,1,0,1,1,1,1,0,1,0,1,0,0,1,1,1,1,1,0,1,1,1,1,0,1,1,1,1,1,0,1,1,1
36a786329fa22d8fd13a2a7cac63868f5ce5a41cb9b7d546f8c07b7b981720de,娜姐帮,com.najiebang.Activity,15,23,1,1,1,1,1,0,0,0,0,0,0,0,0,0,0,0,0,0,0,0,0,0,0,0,0,0,0,0,0,0,0,0,0,0,0,0,0,0,0,0,0,0,0,0,0,0,0,0,0,0,0,0,0,0,1,0,0,0,0,0,0,0,0,0,0,0,0,0,0,0,0,0,0,0,0,0,0,0,0,0,0,0,0,0,0,0,0,0,0,0,0,0,0,0,0
5290e34d7ca2697ca0ba62010e7abfb95fb3d39922d1002aa6981a1b96dfb361,Chắn Sân Đình,com.chanpro.Chan,14,27,1,1,1,0,1,0,0,1,1,1,0,1,1,1,1,1,1,1,1,1,1,1,1,1,1,1,1,1,1,0,1,1,1,1,1,1,0,1,0,0,0,1,1,1,0,0,0,1,1,1,1,1,0,1,1,1,1,1,1,1,1,1,1,1,1,1,1,1,1,0,1,0,1,1,0,1,1,1,1,1,0,1,1,1,1,0,1,1,1,1,1,1,1,1,1
f6a69ccc7e6e4f8dad07049ae1f023445b7dc6ef444ab3c9c49b034eeb1c6546,博九棋牌,com.yxxinglin.xzid12599,9,18,1,1,1,0,1,0,0,1,1,1,0,1,1,0,1,0,0,0,0,1,0,1,0,1,0,1,0,1,0,0,1,0,1,0,0,0,1,0,1,0,0,0,1,1,0,0,0,0,1,0,0,1,0,0,1,0,1,1,0,0,0,1,1,1,0,0,1,1,1,0,0,0,0,0,0,0,0,1,1,1,0,1,0,0,0,0,0,1,1,1,1,0,1,0,0
462241695e7634fa10a9b7dab12c515a80f63a1385dd619ff91efb26e5c56f40,The Guardian,com.app.svgaihgw,19,28,1,1,1,1,1,0,1,1,1,1,1,1,1,1,1,1,1,1,1,1,1,1,1,1,1,1,1,1,1,0,1,1,1,1,1,1,1,1,1,1,1,1,1,1,0,1,1,1,1,1,1,1,0,1,1,1,1,1,1,1,1,1,1,1,1,1,1,1,1,0,1,1,1,1,0,1,1,1,1,1,0,1,1,1,1,1,1,1,1,1,1,1,1,1,1
6d7f2579257837cf86e83823263950d10692ae932b5161f8f8913ba34f1c95e1,P4 Väst Radio FM SE App Gratis Musik Live,com.Yasadri12.P4VastRadioFMSEAppGratisMusikLive,14,22,0,0,1,0,1,0,1,1,1,1,0,1,1,1,1,1,1,1,1,1,1,1,1,1,1,1,1,1,1,0,1,1,1,1,1,1,1,0,0,0,0,1,1,1,0,0,0,1,1,1,1,1,0,1,1,1,1,1,1,1,1,1,1,1,1,1,1,1,1,0,1,0,1,0,0,1,1,1,1,1,1,1,1,1,1,0,1,1,1,1,1,1,1,1,1
20dc176641939d1b9944995885122f82ffca81435c6e1fc4f9c440e73f7248ab,Subway Adventure,com.maxumstudio.subwayadventure,15,27,0,0,1,0,1,0,1,1,1,1,0,1,1,1,1,1,1,1,1,1,1,1,1,1,1,1,1,1,1,0,1,1,1,1,1,1,1,1,1,1,1,1,1,1,0,0,0,1,1,1,1,1,0,1,1,1,1,1,1,1,1,1,1,1,1,1,1,1,1,0,1,0,1,0,0,1,1,1,1,1,0,1,1,1,1,0,1,1,1,1,1,1,1,1,1
dab94045588731d560c1419434bcf74d572adc7d4281c478fd052a4d064fdcc5,Home Needs,com.justwebsite_info.Home_Needs,14,28,1,1,1,1,1,0,1,1,1,1,0,1,1,1,1,1,1,1,1,1,1,1,1,1,1,1,1,1,1,0,1,1,1,1,1,1,0,1,0,0,0,1,1,1,0,0,0,1,1,1,1,1,0,1,1,1,1,1,1,1,1,1,1,1,1,1,1,1,1,0,1,1,1,1,0,1,1,1,1,1,0,1,1,1,1,0,1,1,1,1,1,1,1,1,1
6b860594ab0e8d59a1844f99dec127a33e26dd3eb1150cb327efaba57ea5e570,Virgen de Guadalupe Fondo Animado,com.dmowallpaper.virgendeguadalupefondoanimado,14,26,0,0,1,0,1,0,1,1,0,1,0,1,1,1,1,1,1,1,1,1,1,1,1,1,1,1,1,1,1,0,1,1,1,1,1,1,1,1,1,1,1,0,1,1,0,0,0,0,1,1,1,1,0,1,1,0,1,0,1,0,1,1,1,1,1,1,1,0,1,0,1,0,1,0,0,0,0,0,0,0,0,1,0,1,1,0,1,1,1,1,1,1,1,1,0
4616bbeae8450c6e30f0c232555ce715435acd708ac8d92644d86029ab32a4f1,HOMIETEC,com.zqkj.xieyaji,18,28,1,1,1,0,1,0,0,0,0,0,0,0,0,0,0,0,0,0,0,0,0,0,0,1,0,0,0,0,0,0,0,0,0,0,0,0,0,0,0,0,0,0,1,0,0,0,0,0,1,0,0,0,0,0,0,0,1,0,0,0,0,0,0,0,0,0,1,0,0,0,0,0,0,0,0,0,0,0,0,0,0,0,0,0,0,0,0,1,0,0,0,0,0,0,0
dab53cec6fd0bbbf1bb7610772357d000473e4dc2314fcb1f477158db4c96d24,Rooftop Bike Stunts,com.mizo.rooftop.stunts,14,26,0,1,1,0,1,0,0,1,0,1,0,1,1,1,1,1,1,1,1,1,1,1,1,1,1,1,1,1,1,0,1,1,1,1,1,1,1,1,1,1,1,0,1,1,0,0,0,0,1,1,1,1,0,1,1,0,1,0,1,0,1,1,1,1,1,1,1,1,1,0,1,0,1,1,0,0,0,0,0,0,0,1,0,1,1,1,1,1,1,1,1,1,1,1,0
904a5f41db1ab393f4dfd15d46d26ceeaffd63399d1f484ea3853f13570f72a8,اغاني عيضة المنهالي‎,com.devodapp15.Aida_Manhali,14,14,1,0,0,0,1,0,1,1,0,1,0,1,1,1,1,1,1,1,1,0,1,1,1,1,1,1,1,1,1,0,1,1,1,1,0,1,0,1,0,0,0,0,1,1,0,0,0,0,1,1,1,1,0,1,1,0,1,0,1,0,1,1,1,1,1,1,1,0,1,0,0,0,1,0,0,0,0,0,0,0,0,0,0,1,1,0,1,1,0,1,1,0,1,1,0
36aa8b3b11205c3b203cc9553bfae4549a615b47ea3e9aefe2f9ea1e36539680,双语新闻,com.iyuba.headline,19,25,1,1,1,1,1,0,0,0,0,0,0,0,0,0,0,0,0,0,0,0,0,0,0,0,0,0,0,0,0,0,0,0,0,0,0,0,0,0,0,0,0,0,0,0,0,0,0,0,0,0,0,0,0,0,1,0,0,0,0,0,0,0,0,0,0,0,0,0,0,0,0,0,0,0,0,0,0,0,0,0,0,0,0,0,0,0,0,0,0,0,0,0,0,0,0
528dae28064528f119c1afa227f76de5006cc3a5c4110b401d976af0477926d1,Crush Machine!,com.crush.will.fortgames,16,22,0,0,1,0,1,0,0,1,1,1,0,1,1,1,1,1,1,1,1,1,1,1,1,1,1,1,1,1,1,0,1,1,1,1,1,1,1,1,1,1,1,1,1,1,0,0,0,1,1,1,1,1,0,1,1,1,1,1,1,1,1,1,1,1,1,1,1,1,1,0,1,0,1,0,0,1,1,1,1,1,0,1,1,1,1,0,1,1,1,1,1,1,1,1,1
a4462c5fa1e6cd6d02d4511e20181e9e92a235065b6318b1fa376c95ddbac5bb,BPL LIST - ALL STATE,com.all4you.bpl.list,14,22,0,1,1,0,1,0,1,1,1,1,0,1,1,1,1,1,1,1,1,1,1,1,1,1,1,1,1,1,1,0,1,1,1,1,1,1,1,0,0,0,0,1,1,1,0,0,0,1,1,1,1,1,0,1,1,1,1,1,1,1,1,1,1,1,1,1,1,1,1,0,1,0,1,0,0,1,1,1,1,1,1,1,1,1,1,0,1,1,1,1,1,1,1,1,1
6d7b8938c244c2bf5ee225c59a282b0566990341a18dcdbfa95d14bc01d096a2,Deviana Safara,com.appybuilder.indra27ade.DevianaSafara,14,22,0,1,1,0,1,0,1,1,1,1,0,1,1,1,1,1,1,1,1,1,1,1,1,1,1,1,1,1,1,0,1,1,1,1,1,1,1,0,0,0,0,1,1,1,0,0,0,1,1,1,1,1,0,1,1,1,1,1,1,1,1,1,1,1,1,1,1,1,1,0,1,0,1,0,0,1,1,1,1,1,1,1,1,1,1,0,1,1,1,1,1,1,1,1,1
dab705f254af4c6df6f2c50e0c09e7ce9ec40b371389df0a0c3792200b8df838,روايات الفرنسية أولى باكلوريا,com.laboite.amerveille,11,21,0,0,1,0,1,0,1,1,0,1,0,1,1,1,1,1,1,1,1,1,1,1,1,1,1,1,1,1,1,0,1,1,1,1,1,1,1,1,1,1,1,0,1,1,0,0,0,0,1,1,1,1,0,1,1,0,1,0,1,0,1,1,1,1,1,1,1,1,1,0,1,0,1,0,0,1,0,0,0,0,0,1,0,0,1,0,1,1,1,1,1,1,1,1,0
39dff94c2fad4e7fd33b47c165e4b7d14bce8a4bddd93732d96d3740695c9184,Robin Audio,com.StripeCloud.RobinAudioSound,14,28,1,1,1,1,1,0,1,1,0,1,0,1,1,1,1,0,1,1,1,1,1,1,1,1,1,1,1,1,1,0,1,1,1,1,1,1,1,1,0,1,1,0,1,1,0,0,0,0,1,1,1,1,0,1,1,0,1,0,1,0,1,1,1,1,1,1,1,1,1,0,0,0,1,0,0,0,0,0,0,0,0,1,0,0,1,0,1,1,1,1,1,1,1,1,0
4616b24d4d22ef13f392b2cd632ac8cb99004af8f0da3f88d49938f96158596a,CWK Enterprises,com.wCWKEnterprises_11609511,16,28,1,1,1,0,1,0,1,1,1,1,0,1,1,1,1,1,1,1,1,1,1,1,1,1,1,1,1,1,1,0,1,1,1,1,1,1,1,1,1,1,1,1,1,1,0,0,0,1,1,1,1,1,0,1,1,1,1,1,1,1,1,1,1,1,0,1,1,1,1,0,1,1,1,0,0,1,1,1,1,1,0,1,1,1,1,0,1,1,1,1,1,1,1,1,1
36acbbb176ad9abd7e3ee60e885ab3d51898112cc907cc4f94d432f451bf95c9,QQ助手天堂M4.2.2[正式版M],com.njjijjjpjjjjjpjnji.aasss,16,22,1,1,1,1,1,0,0,1,1,1,0,0,1,1,1,1,1,1,1,1,1,1,1,1,1,1,1,0,1,0,1,1,1,1,1,1,1,1,1,0,0,1,1,1,0,0,0,1,1,1,1,1,0,1,1,1,1,1,1,1,1,1,1,1,1,1,1,1,1,0,0,0,1,0,0,1,1,1,1,1,1,1,1,1,1,1,1,1,1,1,1,0,1,1,1
4626cf43f151c4957bca32f5b0795f537097be6ff8ae0f1cc38c22938162d49c,Grand Desert Storm,com.thumbsup.desert.storm.gun.shooter,16,26,0,0,1,0,1,0,0,1,1,1,0,1,1,1,1,1,1,1,1,1,1,1,1,1,1,1,1,1,1,0,1,1,1,1,1,1,1,1,1,1,1,1,1,1,0,0,0,1,1,1,1,1,0,1,1,1,1,1,1,1,1,1,1,1,1,1,1,1,1,0,1,0,1,0,0,1,1,1,1,1,0,1,1,1,1,0,1,1,1,1,1,1,1,1,1
6b6e813f0141e8f41f4122d36fdc5864e4924548f63d3029e6c36aea9190e319,BBQ Chicken Crockpot Recipes,com.bbqchickencrockpotrecipesfull.complete,14,14,0,1,1,0,1,0,0,1,0,1,0,1,1,1,1,1,1,1,1,1,1,1,1,1,1,1,1,1,1,0,1,1,1,1,1,1,1,1,1,1,1,0,1,1,0,0,0,0,1,1,1,1,0,1,1,0,1,0,1,0,1,1,1,1,1,1,1,1,1,0,1,0,1,0,0,0,0,0,0,0,0,1,0,1,1,0,1,1,1,1,1,1,1,1,1
20de5ea8f0c0e1de477d752f6526e06750ff19126f76b18fc944e1bc88b86b2a,Interessante..,appinventor.ai_Maurotalu.Interessante,7,28,0,1,1,0,1,0,0,1,1,1,0,1,1,1,1,0,1,0,1,1,1,1,1,1,1,1,1,1,1,0,1,1,1,1,1,1,0,1,0,0,0,1,1,1,0,0,0,1,1,1,1,1,0,1,1,1,1,1,1,1,1,1,1,1,1,1,1,1,1,0,1,1,1,1,0,1,1,1,1,1,0,1,1,1,1,0,1,1,0,1,1,0,1,1,1
080d67f501b7bb42a17d9c5b982422b6c0bd9f53b09eeecb55db11c311be8578,Milk Plan Forms,com.MilkPlan_Forms,16,28,1,1,1,1,1,0,1,1,1,1,0,1,1,1,1,1,1,1,1,1,1,1,1,1,1,1,1,1,1,0,1,1,1,1,1,1,1,1,1,1,1,1,1,1,0,0,0,1,1,1,1,1,0,1,1,1,1,1,1,1,1,1,1,1,0,1,1,1,1,0,1,1,1,0,0,1,1,1,1,1,0,1,1,1,1,0,1,1,1,1,1,1,1,1,1
20dd3487b25e805eba141fec606cd0ece941f5a4e709629d6041a4490385a04b,Clásica Online,com.kradioapp.clasicaonlineelsalvadorfm,19,28,0,1,1,0,1,0,1,1,1,1,0,1,1,1,1,1,1,1,1,1,1,1,1,1,1,1,1,1,1,0,1,1,1,1,1,1,1,1,1,1,1,1,1,1,0,0,0,1,1,1,1,1,0,1,1,1,1,1,1,1,1,1,1,1,1,1,1,1,1,0,1,1,1,1,0,1,1,1,1,1,0,1,1,1,1,0,1,1,1,1,1,1,1,1,1
6b6e65fe3166c78fbd1b2461cfdc432a5f4823fe68aadd2dded86ac5934f58c8,CareSource,com.caresource.caresource,21,29,1,1,1,0,1,0,1,1,1,1,0,1,1,1,1,1,1,1,1,1,1,1,1,1,1,1,1,1,1,0,1,1,1,1,1,1,0,1,0,1,0,1,1,1,0,0,0,1,1,1,1,1,0,1,1,1,1,1,1,1,1,1,1,1,1,1,1,1,1,0,1,1,1,1,0,1,1,1,1,1,0,1,1,1,1,0,1,1,1,1,1,1,1,1,1
0009cfd8d8e01aa2b5cd9f3bfd5d75e52fe3dfbc82d5c6abee3e72a4e64564c7,云衣库商户版,com.meipingmi.manager,18,28,1,1,1,1,1,0,0,0,0,0,0,0,0,0,0,0,0,0,0,0,0,0,0,0,0,0,0,0,0,0,0,0,0,0,0,0,0,0,0,0,0,0,0,0,0,0,0,0,0,0,0,0,0,0,0,0,0,0,0,0,0,0,0,0,0,0,1,0,0,0,0,0,0,0,0,0,0,0,0,0,0,0,0,0,0,0,0,0,0,0,0,0,0,0,0
6d727b40eb68b69b95b5c83722e99ea100b617aab17dfdd001c1f9f7a1e4b547,测测颜值吧,com.mayt.ai.app,19,29,1,1,1,0,1,0,0,0,0,0,0,0,0,0,0,0,0,0,0,0,0,0,0,0,0,0,0,0,0,0,0,0,0,0,0,0,0,0,0,0,0,0,0,0,0,0,0,0,0,0,0,0,0,0,0,0,0,0,0,0,0,0,0,0,0,0,1,0,0,0,0,0,0,0,0,0,0,0,0,0,0,0,0,0,0,0,0,0,0,0,0,0,0,0,0
39dfa4fe91d350dca6d8b2fe8ebb2262e74ffdde551bccffd5217ad72bfefa2e,GP Sabres,com.appazur.gpsabers,16,27,1,0,1,0,1,0,1,1,1,1,0,1,1,1,1,1,1,1,1,1,1,1,1,1,1,1,1,1,1,0,1,1,1,1,1,1,0,1,0,0,0,1,1,1,0,0,0,1,1,1,1,1,0,1,1,1,1,1,1,1,1,1,1,1,1,1,1,1,1,0,0,0,1,1,0,1,1,1,1,1,0,1,1,1,1,0,1,1,1,1,1,1,1,1,1
a44c7d6e4e0c0363128d01ea951dee35fb0ca32c57bc67f0374b677419bc4ec6,结算中心黄金,cn.com.szgold.goldv,19,28,1,1,1,0,1,0,0,0,0,0,0,0,0,0,0,0,0,0,0,0,0,0,0,0,0,0,0,0,0,0,0,0,0,0,0,0,0,0,0,0,0,0,0,0,0,0,0,0,0,0,0,0,0,0,1,0,0,0,0,0,0,0,0,0,0,0,0,0,0,0,0,0,0,0,0,0,0,0,0,0,0,0,0,0,0,0,0,0,0,0,0,0,0,0,0
46235614845719775c1c9635e631351992cd81fa5cf1e3ac0536fc5cc0d13ded,Nuremberg Mega Organic Tractor Farming SIM 2018,com.TAAAVGS.NurembergOrganicFarming.MegaTractorFarming.SIM2018,14,27,0,1,1,0,1,0,1,1,0,1,0,1,1,1,1,1,1,1,1,0,1,1,1,1,1,1,1,1,1,0,1,0,1,1,1,1,0,1,0,0,0,0,0,1,0,0,0,0,1,1,1,1,0,1,1,0,1,0,1,0,1,1,1,1,1,1,1,1,1,0,0,0,1,0,0,0,0,0,0,0,0,0,0,1,1,0,1,1,1,1,1,1,1,1,0
dab635d1f55383a0051c60c1ae3e1a6484d77e48718e4b4cc858b20239f732e1,Eid Al Adha Photo Frames,com.dreamystudios.eidaladhaphotoframes,10,10,0,1,1,0,1,0,1,1,0,1,0,1,1,1,1,1,1,1,1,1,0,1,1,1,1,1,0,1,1,0,1,0,1,1,1,0,0,1,0,1,1,0,1,0,0,0,0,0,1,1,0,1,0,0,1,0,1,0,1,0,1,0,1,1,0,0,1,1,1,0,0,0,0,0,0,0,0,0,0,0,0,1,0,0,0,0,1,1,1,1,1,1,1,1,0
a4505f2f68e3d5df3fff4dc6d6c25ec75a6b9ff407f0d0a807097b00b57d8f50,和行约车,com.andacx.hxyc.passenger,16,26,1,1,1,1,1,0,0,0,0,0,0,0,0,0,0,0,0,0,0,0,0,0,0,0,0,0,0,0,0,0,0,0,0,0,0,0,0,0,0,0,0,0,0,0,0,0,0,0,0,0,0,0,0,0,0,0,0,0,0,0,0,0,0,0,0,0,1,0,0,0,0,0,0,0,0,0,0,0,0,0,0,0,0,0,0,0,0,0,0,0,0,0,0,0,0
461e8ae2c520cb06efa90e2d0913b52a528834262bdae133107c925409910509,Crunch Time,com.strawdogstudios.simonscatcrunchtime,16,25,1,1,1,1,1,0,0,1,0,1,0,1,1,1,1,0,1,1,1,1,1,1,1,1,1,1,0,1,1,0,1,1,1,1,1,0,1,0,1,1,1,0,1,1,0,0,0,1,1,1,1,1,0,1,1,0,1,0,1,0,1,1,1,1,1,1,1,1,1,0,1,0,1,0,0,0,0,1,1,0,0,1,0,1,1,0,1,1,1,1,1,1,1,1,1
db85585c9e035a73ddf1152aee6066b05225490c5c97e3d902c187500aefb838,تجربة شخصية من الطين الي العالم,com.w_11188521,16,28,1,1,1,1,1,0,1,1,1,1,0,1,1,1,1,1,1,1,1,1,1,1,1,1,1,1,1,1,1,0,1,1,1,1,1,1,1,1,1,1,1,1,1,1,0,0,0,1,1,1,1,1,0,1,1,1,1,1,1,1,1,1,1,1,1,1,1,1,1,0,1,1,1,1,0,1,1,1,1,1,0,1,1,1,1,0,1,1,1,1,1,1,1,1,1
6b8586e230f73622cf8e59dfd759b5a922834c007b72ae24870492bae54ecdc9,SayMyLove,com.I.loveyou,18,28,0,1,0,0,1,0,0,1,0,1,0,0,1,1,1,0,1,0,1,0,1,1,1,1,1,1,1,0,1,0,0,0,1,0,0,1,0,0,0,0,0,0,0,1,0,0,0,0,1,1,1,1,0,1,1,0,1,0,1,0,1,1,1,1,1,1,1,0,1,0,0,0,1,0,0,0,0,0,0,0,0,0,0,1,1,0,1,1,0,1,1,0,1,1,0
20dc9a2218a8d8b84ea80d1247ee0b585a162cbe7e1c3f71cf678991fef479ef,Interact Pro,com.philips.li.c4m,21,23,0,1,0,0,1,0,0,1,1,0,0,0,1,1,1,0,1,0,1,1,1,1,1,1,1,1,1,0,1,0,1,0,1,1,1,1,0,0,0,0,0,1,0,1,0,0,0,1,0,1,1,0,0,1,0,1,0,1,1,1,1,1,1,1,0,1,0,0,1,0,1,0,1,0,0,1,1,1,1,1,0,1,1,1,1,1,1,0,1,0,1,0,1,0,1
5219da663699938f466beb35974f7d3cefd75b01079c0eb3db9b7b6cc3d03c5b,基金从业资格视频,com.xuesaieducation.shipin.jijincongye,21,29,1,1,1,1,1,0,0,0,0,0,0,0,0,0,0,0,0,0,0,0,0,0,0,1,0,0,0,0,0,0,0,0,0,0,0,0,0,0,0,0,0,0,1,0,0,0,0,0,1,0,0,0,0,0,0,0,1,0,0,0,0,0,0,0,0,0,1,0,0,0,0,0,0,0,0,0,0,0,0,0,0,0,0,0,0,0,0,1,0,0,0,0,0,0,0
90777ceb7fd061d361ea607198ff9ce858aae75fbcf17f06d77c635dd67ce1b8,BIO 7 & 8,hr.carnet.dos.bio78,15,15,1,1,1,0,1,0,0,1,1,1,0,1,1,1,1,1,1,1,1,1,1,1,1,1,1,1,1,0,1,0,1,1,1,1,1,1,0,1,0,0,0,1,0,1,0,0,0,1,1,1,1,1,0,1,1,1,1,1,1,1,1,1,1,1,1,1,1,1,1,0,0,0,1,0,0,1,1,1,1,1,0,1,1,1,1,0,1,0,0,1,1,1,1,1,1
36abb9f899105140fabba03e064a0ef39f4301461f917fc0e3f9165ca135b80b,博真外卖,com.example.bozhenwm,19,26,1,1,1,1,1,0,0,0,0,0,0,0,0,0,0,0,0,0,0,0,0,0,0,1,0,0,0,0,0,0,0,0,0,0,0,0,0,0,0,0,0,0,1,0,0,0,0,0,1,0,0,0,0,0,0,0,1,0,0,0,0,0,0,0,0,0,1,0,0,0,0,0,0,0,0,0,0,0,0,0,0,0,0,0,0,0,0,1,0,0,0,0,0,0,0
0007610cc981cc2fd9e6336338709c9edec5202f19bf64cc562ebb953c6f9746,Baby Cot,com.scmedia.babycot,9,26,0,0,1,0,1,0,0,0,0,0,0,1,1,0,0,0,0,0,0,0,0,1,1,1,1,0,0,1,0,0,1,1,1,1,0,0,0,0,0,1,1,0,1,0,0,0,0,0,1,1,0,1,0,0,1,0,1,0,1,0,1,0,1,1,0,0,1,0,1,0,0,0,0,0,0,0,0,0,0,0,0,0,0,0,0,0,0,1,1,1,0,0,1,1,0
a44ca76c94a168e99a03a0ab70be8e275ae73625de8af9982fe94210ba9baab5,News Naija and Intl,com.app.newsnaijaandintl,19,26,1,1,1,1,1,0,1,1,1,1,1,1,1,1,1,1,1,1,1,1,1,1,1,1,1,1,1,1,1,0,1,1,1,1,1,1,1,1,1,1,1,1,1,1,0,0,0,1,1,1,1,1,0,1,1,1,1,1,1,1,1,1,1,1,1,1,1,1,1,0,1,1,1,1,0,1,1,1,1,1,0,1,1,1,1,1,1,1,1,1,1,1,1,1,1
5219a84a2e6ea4abe8b408734be74967290fa3a6f2228276fe801e9a59bc49ea,Modern Ceiling Lamps,com.CeilingLamps.Marbaluq,9,18,0,0,1,0,1,0,1,1,0,1,0,1,1,0,0,1,0,1,0,1,0,1,1,1,1,0,0,1,0,0,1,1,1,1,1,0,1,1,1,1,1,0,1,0,0,0,0,0,1,1,0,1,0,0,1,0,1,0,1,0,1,0,1,1,0,0,1,1,1,0,1,0,0,0,0,0,0,0,0,0,0,1,0,0,0,0,0,1,1,1,1,1,1,1,0
db897cca4d7d4c2c3346e8899b6d54ac01c4a6fb2edc0ef5a9d6b96257e5c630,初级会计师题库,com.xuesaieducation.chujikuaijitiku,21,29,1,1,1,1,1,0,0,0,0,0,0,0,0,0,0,0,0,0,0,0,0,0,0,1,0,0,0,0,0,0,0,0,0,0,0,0,0,0,0,0,0,0,1,0,0,0,0,0,1,0,0,0,0,0,0,0,1,0,0,0,0,0,0,0,0,0,1,0,0,0,0,0,0,0,0,0,0,0,0,0,0,0,0,0,0,0,0,1,0,0,0,0,0,0,0
f6a533992575b09d25da7d510055100ebeed995be7d310b4d759a73de520e078,变啦,com.bianla.app,19,26,1,1,1,1,1,0,0,0,0,0,0,0,0,0,0,0,0,0,0,0,0,0,0,0,0,0,0,0,0,0,0,0,0,0,0,0,0,0,0,0,0,0,0,0,0,0,0,0,0,0,0,0,0,0,1,0,0,0,0,0,0,0,0,0,0,0,0,0,0,0,0,0,0,0,0,0,0,0,0,0,0,0,0,0,0,0,0,0,0,0,0,0,0,0,0
6b73d5847a831073e5fc549469dd71c6125bc00dd05256c7cb9a76f32efd4f08,Guide,app.guide.Guide,21,28,0,1,1,0,1,0,0,1,1,1,0,1,1,1,1,1,1,1,1,1,1,1,1,1,1,1,1,1,1,0,1,1,1,1,1,1,0,1,0,0,0,1,1,1,0,0,0,1,1,1,1,1,0,1,1,1,1,1,1,1,1,1,1,1,1,1,1,1,1,0,1,1,1,1,0,1,1,1,1,1,0,1,1,1,1,0,1,1,1,1,1,1,1,1,1
6b726f4838708262345f70885ce123098a8eb7cc69bcbc75fd8515335c76887c,Brochures Templates,io.kodular.jyotee_kumari_1989.Brochures,19,28,0,1,1,0,1,0,1,1,1,1,0,1,1,1,1,1,1,1,1,1,1,1,1,1,1,1,1,1,1,0,1,1,1,1,1,1,0,1,0,0,0,1,1,1,0,0,0,1,1,1,1,1,0,1,1,1,1,1,1,1,1,1,1,1,1,1,1,1,1,0,1,1,1,1,0,1,1,1,1,1,0,1,1,1,1,0,1,1,1,1,1,0,1,1,1
6b85d14f133303e5ec97853bce2e086c0af770c8d725a375c94d3f9ddeabfa33,desain flat shoes wanita,com.desainflatshoeswanita.rigall,14,28,0,0,1,0,1,0,1,0,0,1,0,1,1,0,0,0,0,0,0,0,0,1,1,1,1,0,0,1,0,0,1,1,1,1,0,0,0,1,0,1,1,0,1,0,0,0,0,0,1,1,0,1,0,0,1,0,1,0,1,0,1,0,1,1,0,0,1,1,1,0,0,0,0,0,0,0,0,0,0,0,0,1,0,0,0,0,0,1,1,1,0,0,1,1,0
a4468e9f94dc5f0ab44d3fbdadc88f862c2919402387d0cbb0439038eb727627,Screw Conveyor Calculator,com.pinjara_imran5290.Screw_Conveyor_Calculator,16,26,0,1,1,0,1,0,0,1,1,1,0,1,1,1,1,1,1,1,1,1,1,1,1,1,1,1,1,1,1,0,1,1,1,1,1,1,0,1,0,0,0,1,1,1,0,0,0,1,1,1,1,1,0,1,1,1,1,1,1,1,1,1,1,1,1,1,1,1,1,0,1,0,1,0,0,1,1,1,1,1,0,1,1,1,1,0,1,1,1,1,1,1,1,1,1
c80a39af085badd2476350f75fc5d09d9bc1cbd0e7ee5cc54f80997756ce4e4b,Police Cars Transport Truck:Offroad Games,com.ms.police.free.transport.truck.game.offroad.apps,16,25,1,0,1,0,1,0,1,1,0,1,0,1,1,1,1,1,1,1,1,1,1,1,1,1,1,1,1,1,1,0,1,1,1,1,1,1,1,1,1,1,1,0,1,1,0,0,0,0,1,1,1,1,0,1,1,0,1,0,1,0,1,1,1,1,1,1,1,1,1,0,1,0,1,0,0,0,0,0,0,0,0,1,0,1,1,0,1,1,1,1,1,1,1,1,0
7af5b1db292502e5f6430e213101aa42480b715564d15d03937a60f3f5729cd1,云匙VPN,com.tencent.tencent.yunshi,19,28,0,0,1,0,1,0,0,0,0,0,0,0,0,0,0,0,0,0,0,0,0,0,0,0,0,0,0,0,0,0,0,0,0,0,0,0,0,0,0,0,0,0,0,0,0,0,0,0,0,0,0,0,0,0,0,0,0,0,0,0,0,0,0,0,0,0,1,0,0,0,0,0,0,0,0,0,0,0,0,0,0,0,0,0,0,0,0,0,0,0,0,0,0,0,0
a445751687c8f04d7216eb933ebd6f8be680fb725e598f5eb8dbe6fa9c77d834,叮咚FM,com.pansoft.dingdongfm3,19,27,1,1,1,1,1,0,0,0,0,0,0,0,0,0,0,0,0,0,0,0,0,0,0,0,0,0,0,0,0,0,0,0,0,0,0,0,0,0,0,0,0,0,0,0,0,0,0,0,0,0,0,0,0,0,0,0,0,0,0,0,0,0,0,0,0,0,1,0,0,0,0,0,0,0,0,0,0,0,0,0,0,0,0,0,0,0,0,0,0,0,0,0,0,0,0
461efb01cc589e428c9c1f91705c52b767f04efa8eda0fd7b209134385ae05fc,iQIYI,com.iqiyi.i18n,16,28,1,1,1,1,1,0,1,1,1,1,1,1,1,1,1,1,1,1,1,1,1,1,1,1,1,1,1,1,1,0,1,1,1,1,1,1,1,1,1,0,0,1,1,1,1,0,1,1,1,1,1,1,1,1,1,1,1,1,1,1,1,1,1,1,1,1,1,1,1,0,1,1,1,1,1,1,1,1,1,1,0,1,1,1,1,0,1,1,1,1,1,1,1,1,1
a44ce112a7dae7908d01a5560b6d673df8828a12a9fc254d7ad9bafb1c1990b1,福州市二医院,com.ewell.guahao.fuzhoueryuan,18,25,0,1,1,1,1,0,0,0,0,0,0,0,0,0,0,0,0,0,0,0,0,0,0,0,0,0,0,0,0,0,0,0,0,0,0,0,0,0,0,0,0,0,0,0,0,0,0,0,0,0,0,0,0,0,1,0,0,0,0,0,0,0,0,0,0,0,0,0,0,0,0,0,0,0,0,0,0,0,0,0,0,0,0,0,0,0,0,0,0,0,0,0,0,0,0
36ad15387a8a414f2e71d410a9ac6cd84a67023e48dc8b1fda710403ea9eb941,The best Battery life,com.startaimsas.superbatter1,9,27,1,0,1,1,1,0,0,1,0,1,0,1,1,1,1,1,1,1,1,0,1,1,1,1,1,1,1,1,1,0,1,1,1,1,1,1,1,1,1,1,1,0,1,1,0,0,0,0,1,1,1,1,0,1,1,0,1,0,1,0,1,1,1,1,1,1,1,1,1,0,1,0,1,0,0,0,0,0,0,0,0,1,0,1,1,0,1,1,1,1,1,1,1,1,0
a45082f07868a1ac6e235d2599412f0906ab4e9a54d46da1f1f6168a55fdc500,云图高清手机电视,org.fungo.fungolive,16,17,1,1,1,1,1,0,0,0,0,0,0,0,0,0,0,0,0,0,0,0,0,0,0,0,0,0,0,0,0,0,0,0,0,0,0,0,0,0,0,0,0,0,0,0,0,0,0,0,0,0,0,0,0,0,1,0,0,0,0,0,0,0,0,0,0,0,0,0,0,0,0,0,0,0,0,0,0,0,0,0,0,0,0,0,0,0,0,0,0,0,0,0,0,0,0
6d7f002d3660b240ae940857e48e42b9a55a796b057824e27ef7e3a6b36c703b,保利电影,com.zhonglan.polyapp,16,26,1,1,1,1,1,0,0,0,0,0,0,0,0,0,0,0,0,0,0,0,0,0,0,0,0,0,0,0,0,0,0,0,0,0,0,0,0,0,0,0,0,0,0,0,0,0,0,0,0,0,0,0,0,0,0,0,0,0,0,0,0,0,0,0,0,0,0,0,0,0,0,0,0,0,0,0,0,0,0,0,0,0,0,0,0,0,0,0,0,0,0,0,0,0,0
904c9bd0dfb44c989656607a97ee25263e8ea6481e96164e129d8494a845cc37,打卡助手,com.zl.daka,16,26,1,1,1,1,1,0,0,0,0,0,0,0,0,0,0,0,0,0,0,0,0,0,0,0,0,0,0,0,0,0,0,0,0,0,0,0,0,0,0,0,0,0,0,0,0,0,0,0,0,0,0,0,0,0,1,0,0,0,0,0,0,0,0,0,0,0,1,0,0,0,0,0,0,0,0,0,0,0,0,0,0,0,0,0,0,0,0,0,0,0,0,0,0,0,0
45cea96bbec038fee0d34bd0612b5cd1764096761fed1e166ebb7f1804840349,HDMI Connector (usb/wifi/mhl),com.hdmi.wifi,14,28,0,0,1,0,1,0,1,1,0,1,0,1,1,1,1,0,1,1,1,0,1,1,1,1,1,1,1,1,1,0,1,1,1,1,0,1,0,1,0,1,1,0,1,1,0,0,0,0,1,1,1,1,0,1,1,0,1,0,1,0,1,1,1,1,1,1,1,1,1,0,0,0,1,0,0,0,0,0,0,0,0,1,0,0,1,0,1,1,1,1,1,1,1,1,0
